City_ID,City,Country,Lat,Lng,Max Temp,Humidity,Cloudiness,Wind Speed,Current Description
0,Qaanaaq,GL,77.484,-69.3632,36.43,89,93,7.47,overcast clouds
1,Tuktoyaktuk,CA,69.4541,-133.0374,68.0,60,75,8.05,broken clouds
2,Sulphur,US,30.2366,-93.3774,94.96,63,1,4.61,clear sky
3,New Norfolk,AU,-42.7826,147.0587,49.5,81,88,1.01,overcast clouds
4,Mataura,NZ,-46.1927,168.8643,45.48,99,100,2.1,overcast clouds
5,Yellowknife,CA,62.456,-114.3525,59.32,50,20,1.99,few clouds
6,San Patricio,US,28.017,-97.5169,91.49,52,46,13.29,scattered clouds
7,Namibe,AO,-15.1961,12.1522,68.04,82,1,8.57,clear sky
8,Nizza Monferrato,IT,44.7738,8.3539,86.99,39,100,4.65,overcast clouds
9,Brae,GB,60.3964,-1.353,55.31,82,94,18.79,overcast clouds
10,East London,ZA,-33.0153,27.9116,54.54,76,0,6.91,clear sky
11,Qaqortoq,GL,60.7167,-46.0333,49.82,74,84,1.5,broken clouds
12,Bengkulu,ID,-3.8004,102.2655,75.49,90,81,2.98,broken clouds
13,Puerto Ayora,EC,-0.7393,-90.3518,76.96,91,100,7.0,overcast clouds
14,Bure,ET,10.7,37.0667,57.11,95,100,0.56,light rain
15,Porto Novo,BJ,6.4965,2.6036,82.22,85,99,5.39,overcast clouds
16,Ozernovskiy,RU,51.5,156.5167,55.17,98,100,9.19,light rain
17,Vidim,RU,56.4088,103.1106,55.2,99,100,6.87,overcast clouds
18,Oksfjord,NO,70.2396,22.3479,57.27,80,100,7.14,overcast clouds
19,Fortuna,US,40.5982,-124.1573,63.93,82,75,1.99,broken clouds
20,Atuona,PF,-9.8,-139.0333,77.77,78,64,26.53,light rain
21,Esperance,AU,-33.8667,121.9,53.44,76,78,10.4,broken clouds
22,Bluff,NZ,-46.6,168.3333,45.81,88,100,14.09,overcast clouds
23,Vierzon,FR,47.2101,2.0625,71.47,74,10,11.52,clear sky
24,Hobart,AU,-42.8794,147.3294,49.86,82,90,6.91,overcast clouds
25,Albany,US,42.6001,-73.9662,83.91,95,100,3.85,overcast clouds
26,Sipoo,FI,60.3775,25.2691,75.63,43,0,9.22,clear sky
27,Kulhudhuffushi,MV,6.6221,73.07,81.77,80,80,12.17,broken clouds
28,Taybad,IR,34.74,60.7756,85.08,17,53,15.05,broken clouds
29,Vaini,TO,-21.2,-175.2,73.56,100,75,6.91,broken clouds
30,Busselton,AU,-33.65,115.3333,47.08,76,22,7.29,few clouds
31,Te Anau,NZ,-45.4167,167.7167,45.99,97,100,1.45,overcast clouds
32,Avdiyivka,UA,48.1399,37.7426,80.58,53,94,5.19,overcast clouds
33,Lerwick,GB,60.1545,-1.1494,55.4,83,99,19.89,overcast clouds
34,Jamestown,US,42.097,-79.2353,74.52,94,90,1.01,moderate rain
35,Yuancheng,CN,36.652,107.7896,69.98,80,3,0.65,clear sky
36,Srivardhan,IN,18.0333,73.0167,81.1,86,96,10.47,light rain
37,Kapaa,US,22.0752,-159.319,79.12,81,89,3.0,light rain
38,Karratha,AU,-20.7377,116.8463,66.38,36,36,5.79,scattered clouds
39,Tessalit,ML,20.1986,1.0114,107.1,7,3,11.95,clear sky
40,Kloulklubed,PW,7.0419,134.2556,77.5,71,100,2.48,overcast clouds
41,Roald,NO,62.5833,6.1333,60.12,82,75,23.02,broken clouds
42,Ushuaia,AR,-54.8,-68.3,33.46,80,75,2.3,broken clouds
43,Iqaluit,CA,63.7506,-68.5145,56.93,71,75,4.0,broken clouds
44,Catuday,PH,16.2923,119.8062,76.03,91,100,7.76,overcast clouds
45,Khatanga,RU,71.9667,102.5,54.14,68,79,10.13,broken clouds
46,Houlton,US,46.1262,-67.8403,80.73,63,100,6.8,overcast clouds
47,Tahoua,NE,14.8888,5.2692,93.18,43,20,11.5,few clouds
48,El Zulia,CO,7.9325,-72.6012,90.91,45,75,11.5,broken clouds
49,Saint-Gaudens,FR,43.0833,0.6667,80.15,61,0,4.94,clear sky
50,Rochegda,RU,62.8,43.25,66.11,57,13,2.75,few clouds
51,Nikolskoye,RU,59.7035,30.7861,76.89,55,0,4.12,clear sky
52,Breyten,ZA,-26.3018,29.987,40.62,29,0,4.88,clear sky
53,Tilichiki,RU,60.4667,166.1,49.35,91,100,2.89,overcast clouds
54,Pozoblanco,ES,38.3791,-4.8483,97.38,11,0,8.37,clear sky
55,Kavieng,PG,-2.5744,150.7967,82.31,80,97,13.78,overcast clouds
56,Saint George,US,37.1041,-113.5841,98.55,32,1,1.01,clear sky
57,Vilkija,LT,55.05,23.5833,73.33,87,71,4.65,moderate rain
58,Rikitea,PF,-23.1203,-134.9692,72.5,79,50,24.05,light rain
59,Clyde River,CA,70.4692,-68.5914,44.83,65,90,13.8,overcast clouds
60,Shingu,JP,33.7333,135.9833,76.91,95,99,7.07,overcast clouds
61,Punta Arenas,CL,-53.15,-70.9167,37.51,93,75,5.75,broken clouds
62,Hithadhoo,MV,-0.6,73.0833,82.36,71,64,3.09,broken clouds
63,Kaeo,NZ,-35.1,173.7833,61.32,85,38,12.95,scattered clouds
64,Amazar,RU,53.858,120.875,60.94,79,96,3.06,overcast clouds
65,Shahreza,IR,32.0339,51.8794,80.17,40,69,7.43,broken clouds
66,Saskylakh,RU,71.9167,114.0833,47.84,64,45,7.56,scattered clouds
67,Lakes Entrance,AU,-37.8811,147.981,51.19,76,62,19.44,broken clouds
68,Bredasdorp,ZA,-34.5322,20.0403,56.52,94,19,4.61,few clouds
69,Tuatapere,NZ,-46.1333,167.6833,45.82,96,99,3.71,overcast clouds
70,Airai,TL,-8.9266,125.4092,56.52,69,78,2.1,broken clouds
71,Lebu,CL,-37.6167,-73.65,51.03,62,0,16.24,clear sky
72,Guerrero Negro,MX,27.9769,-114.0611,76.89,59,49,12.39,scattered clouds
73,Zahesi,GE,41.8246,44.7536,82.11,38,2,2.19,clear sky
74,Mar Del Plata,AR,-38.0023,-57.5575,50.09,68,40,15.99,scattered clouds
75,Vangaindrano,MG,-23.35,47.6,68.23,83,85,5.99,light rain
76,Mogadishu,SO,2.0371,45.3438,76.55,82,28,19.01,scattered clouds
77,Pisco,PE,-13.7,-76.2167,64.02,88,90,5.75,mist
78,Bambous Virieux,MU,-20.3428,57.7575,71.85,68,40,13.8,light rain
79,Solnechnyy,RU,50.7214,136.6319,67.35,70,45,4.68,scattered clouds
80,Pevek,RU,69.7008,170.3133,46.29,73,76,14.9,broken clouds
81,Faanui,PF,-16.4833,-151.75,79.63,73,30,22.46,scattered clouds
82,Pontianak,ID,-0.0333,109.3333,76.98,100,20,3.44,few clouds
83,Cayenne,GF,4.9333,-52.3333,87.84,77,0,5.01,clear sky
84,Launceston,AU,-41.45,147.1667,42.8,100,75,5.75,fog
85,Cabo San Lucas,MX,22.8909,-109.9124,95.81,70,21,4.0,few clouds
86,Nacogdoches,US,31.6002,-94.6335,89.82,65,35,3.36,scattered clouds
87,Waingapu,ID,-9.6567,120.2641,72.28,80,13,5.26,few clouds
88,Talnakh,RU,69.4865,88.3972,51.73,93,87,2.08,light rain
89,Ust-Tsilma,RU,65.441,52.1498,58.82,67,67,4.97,broken clouds
90,Masterton,NZ,-40.9597,175.6575,56.77,92,100,19.71,light rain
91,Butaritari,KI,3.0707,172.7902,82.6,78,25,18.3,light rain
92,Georgetown,MY,5.4112,100.3354,82.89,82,20,0.0,few clouds
93,Arraial Do Cabo,BR,-22.9661,-42.0278,75.16,78,40,13.8,scattered clouds
94,Tazovskiy,RU,67.4667,78.7,43.65,77,90,8.63,overcast clouds
95,Ponta Do Sol,PT,32.6667,-17.1,81.72,72,3,3.42,clear sky
96,Norman Wells,CA,65.282,-126.8329,64.44,42,20,10.36,few clouds
97,Tuy Hoa,VN,13.0833,109.3,77.13,88,57,6.26,moderate rain
98,The Valley,AI,18.217,-63.0578,87.66,66,20,17.27,few clouds
99,Mahibadhoo,MV,3.7833,72.9667,83.1,75,34,11.43,scattered clouds
100,Shaoyang,CN,27.2315,111.4525,74.97,83,100,3.69,overcast clouds
101,Haimen,CN,23.1935,116.6142,78.69,82,100,5.37,overcast clouds
102,Upernavik,GL,72.7868,-56.1549,40.3,76,100,12.95,overcast clouds
103,Loding,NO,67.3,14.75,56.53,92,75,1.99,light intensity shower rain
104,Poltava,UA,49.5937,34.5407,76.75,63,50,4.29,scattered clouds
105,Carnarvon,AU,-24.8667,113.6333,55.47,58,14,6.91,few clouds
106,Turukhansk,RU,65.8167,87.9833,53.26,90,49,6.22,scattered clouds
107,Aykhal,RU,66.0,111.5,56.95,81,93,6.35,overcast clouds
108,Cherskiy,RU,68.75,161.3,57.74,80,100,11.97,overcast clouds
109,Port Elizabeth,ZA,-33.918,25.5701,53.89,76,0,8.05,clear sky
110,Takoradi,GH,4.8845,-1.7554,76.91,80,94,8.21,overcast clouds
111,Rocha,UY,-34.4833,-54.3333,52.29,56,36,16.08,scattered clouds
112,Izhevskoye,RU,54.5567,40.8703,75.85,64,67,6.26,broken clouds
113,Balingasay,PH,16.3573,119.8564,77.83,90,100,7.4,light rain
114,Victoria,HK,22.2855,114.1577,84.33,86,100,1.01,overcast clouds
115,Tandil,AR,-37.3217,-59.1332,49.3,57,32,11.01,scattered clouds
116,Henties Bay,NA,-22.116,14.2845,68.86,59,3,11.48,clear sky
117,Arlit,NE,18.7369,7.3853,103.86,16,6,6.93,clear sky
118,Olafsvik,IS,64.8945,-23.7142,50.59,82,33,11.99,scattered clouds
119,Castro,BR,-24.7911,-50.0119,61.32,86,66,9.53,broken clouds
120,Atagay,RU,55.1033,99.3875,56.7,94,64,3.6,broken clouds
121,Ancud,CL,-41.8697,-73.8203,47.73,74,59,2.42,broken clouds
122,San Quintin,MX,30.4833,-115.95,73.24,69,58,11.03,broken clouds
123,Vila Franca Do Campo,PT,37.7167,-25.4333,72.01,66,21,6.73,few clouds
124,Belle Glade,US,26.6845,-80.6676,91.02,63,33,6.91,light rain
125,Kamenka,RU,51.3223,42.7678,73.15,73,76,4.16,broken clouds
126,Cape Town,ZA,-33.9258,18.4232,58.26,92,40,1.01,scattered clouds
127,Chokurdakh,RU,70.6333,147.9167,37.98,84,88,15.99,overcast clouds
128,Kolaras,IN,25.2333,77.6,87.21,59,100,12.55,light rain
129,High Level,CA,58.5169,-117.136,53.71,66,90,10.36,overcast clouds
130,Andenes,NO,69.3143,16.1194,53.58,82,75,12.66,broken clouds
131,Severo-Kurilsk,RU,50.6789,156.125,53.85,98,99,3.47,overcast clouds
132,Torbay,CA,47.6666,-52.7314,78.89,81,75,17.27,broken clouds
133,Hermanus,ZA,-34.4187,19.2345,55.9,90,4,7.0,clear sky
134,Saint-Philippe,RE,-21.3585,55.7679,69.39,76,60,15.23,broken clouds
135,Aklavik,CA,68.2191,-135.0107,72.43,53,40,8.05,scattered clouds
136,Padang,ID,-0.9492,100.3543,75.25,81,21,4.32,few clouds
137,Yerbogachen,RU,61.2767,108.0108,66.24,76,34,6.04,scattered clouds
138,Coahuayana,MX,18.7333,-103.6833,88.75,55,100,2.15,overcast clouds
139,San Rafael Del Sur,NI,11.8485,-86.4384,86.97,53,47,12.44,scattered clouds
140,Chapais,CA,49.7834,-74.8492,76.78,31,29,6.89,scattered clouds
141,San Vicente,AR,-26.6167,-54.1333,64.96,46,2,4.76,clear sky
142,Luanda,AO,-8.8368,13.2343,72.36,85,7,14.09,clear sky
143,Goure,NE,13.9835,10.2704,90.01,38,73,6.11,broken clouds
144,Vanimo,PG,-2.6741,141.3028,77.61,88,92,5.61,overcast clouds
145,Jatara,IN,25.0167,79.05,91.9,44,100,7.85,overcast clouds
146,Puerto Del Rosario,ES,28.5004,-13.8627,82.08,78,20,11.5,few clouds
147,Acapulco,MX,16.8634,-99.8901,85.77,59,87,4.65,overcast clouds
148,Ocos,GT,14.5094,-92.1933,93.72,73,62,6.73,broken clouds
149,Constitucion,CL,-35.3333,-72.4167,54.86,45,0,15.7,clear sky
150,Imbituba,BR,-28.24,-48.6703,72.82,75,2,3.96,clear sky
151,Akureyri,IS,65.6835,-18.0878,62.53,51,0,11.5,clear sky
152,Hasaki,JP,35.7333,140.8333,72.0,91,77,6.04,broken clouds
153,Cidreira,BR,-30.1811,-50.2056,64.47,63,29,13.78,scattered clouds
154,Carutapera,BR,-1.195,-46.02,84.87,63,36,9.51,scattered clouds
155,Avarua,CK,-21.2078,-159.775,73.45,88,40,2.3,light rain
156,Kismayo,SO,-0.3582,42.5454,77.05,76,8,18.95,clear sky
157,Narsaq,GL,60.9167,-46.05,56.25,66,93,3.15,overcast clouds
158,Necochea,AR,-38.5473,-58.7368,47.03,80,89,20.33,light rain
159,Russell,US,32.3502,-85.1999,89.11,36,43,5.88,scattered clouds
160,Junagarh,IN,19.8667,82.9333,84.74,67,100,3.83,overcast clouds
161,Hilo,US,19.7297,-155.09,85.28,94,90,5.75,mist
162,Komsomolskiy,UZ,40.4272,71.7189,79.52,50,85,4.61,overcast clouds
163,Kimberley,ZA,-28.7323,24.7623,46.09,46,0,2.3,clear sky
164,Benemerito De Las Americas,MX,16.5167,-90.6439,91.81,46,32,3.13,scattered clouds
165,Gusino,RU,54.7244,31.368,77.09,65,21,2.17,few clouds
166,Opuwo,NA,-18.0607,13.84,68.07,32,1,8.57,clear sky
167,Chuy,UY,-33.6971,-53.4616,53.76,58,61,13.82,broken clouds
168,Banda Aceh,ID,5.5577,95.3222,79.03,79,48,13.8,scattered clouds
169,Lorengau,PG,-2.0226,147.2712,81.03,78,100,3.65,overcast clouds
170,Turbat,PK,26.0023,63.044,87.21,71,27,7.34,scattered clouds
171,Gandu,BR,-13.7439,-39.4867,84.92,35,2,4.34,clear sky
172,Hailar,CN,49.2,119.7,67.05,97,100,16.73,light rain
173,Gari,RU,59.4307,62.3497,63.55,61,57,3.71,broken clouds
174,Nome,US,64.5011,-165.4064,50.16,95,100,11.95,light rain
175,Waterloo,CA,43.4668,-80.5164,66.69,82,75,12.66,broken clouds
176,Lazaro Cardenas,MX,17.9583,-102.2,87.04,63,99,0.51,overcast clouds
177,Port Hawkesbury,CA,45.6169,-61.3485,80.1,60,1,4.0,clear sky
178,Lompoc,US,34.6391,-120.4579,84.13,77,20,5.75,few clouds
179,Port Alfred,ZA,-33.5906,26.891,58.53,72,1,9.35,clear sky
180,Longyearbyen,SJ,78.2186,15.6401,51.64,66,40,20.71,scattered clouds
181,Ribeira Grande,PT,38.5167,-28.7,73.8,73,20,12.66,few clouds
182,Luhacovice,CZ,49.0998,17.7575,79.56,81,91,6.22,overcast clouds
183,Saint Anthony,US,45.0205,-93.218,86.92,44,40,3.0,scattered clouds
184,Lavrentiya,RU,65.5833,-171.0,46.44,90,100,7.67,overcast clouds
185,Maniitsoq,GL,65.4167,-52.9,45.21,97,100,5.01,overcast clouds
186,Kankan,GN,10.3854,-9.3057,81.39,77,64,3.65,light rain
187,Klaksvik,FO,62.2266,-6.589,52.72,91,30,17.02,scattered clouds
188,Samsun,TR,41.25,36.3333,73.72,87,1,2.82,clear sky
189,Palmer,US,42.1584,-72.3287,90.03,62,99,1.99,overcast clouds
190,Marfino,RU,55.7028,37.3822,78.94,61,0,4.47,clear sky
191,Obo,CF,5.3998,26.4869,69.96,91,85,1.5,light rain
192,Sangueya,GN,10.7,-14.3667,81.75,83,88,2.17,moderate rain
193,Saint-Pierre,RE,-21.3393,55.4781,69.48,71,40,19.57,scattered clouds
194,Rawson,AR,-43.3002,-65.1023,46.56,63,94,26.42,overcast clouds
195,Samarai,PG,-10.6167,150.6667,79.16,85,100,14.54,overcast clouds
196,Grindavik,IS,63.8424,-22.4338,49.95,93,90,11.5,overcast clouds
197,Thompson,CA,55.7435,-97.8558,53.76,58,75,10.36,broken clouds
198,Fort Abbas,PK,29.1925,72.8536,99.0,42,78,15.32,broken clouds
199,Bridlington,GB,54.0831,-0.1919,86.18,81,1,8.3,clear sky
200,Praia Da Vitoria,PT,38.7333,-27.0667,74.75,68,20,5.28,few clouds
201,Saldanha,ZA,-33.0117,17.9442,57.25,90,0,10.6,clear sky
202,Srednekolymsk,RU,67.45,153.6833,54.19,90,99,14.43,light rain
203,Paranga,RU,56.7039,49.4047,67.57,68,42,2.84,scattered clouds
204,Chateaudun,FR,48.0833,1.3333,76.59,60,20,11.5,few clouds
205,Faya,SA,18.3851,42.4509,73.51,42,100,6.89,overcast clouds
206,Parabel,RU,58.6978,81.4825,54.86,97,86,6.13,overcast clouds
207,Omsukchan,RU,62.5333,155.8,53.35,94,100,5.64,light rain
208,Tasiilaq,GL,65.6145,-37.6368,42.21,70,85,7.76,overcast clouds
209,Tarko-Sale,RU,64.9225,77.785,51.12,79,100,4.54,overcast clouds
210,Strezhevoy,RU,60.7333,77.5889,57.18,89,91,3.74,overcast clouds
211,Half Moon Bay,US,37.4636,-122.4286,83.61,69,41,1.01,scattered clouds
212,Dunedin,NZ,-45.8742,170.5036,49.8,94,100,11.99,overcast clouds
213,Tanete,ID,-3.9443,119.7848,72.37,96,100,3.94,overcast clouds
214,Kodiak,US,57.79,-152.4072,61.11,70,4,2.53,clear sky
215,Maragogi,BR,-9.0122,-35.2225,78.78,75,80,9.1,broken clouds
216,Marulanda,CO,5.2839,-75.2602,63.7,63,37,4.36,scattered clouds
217,Waipawa,NZ,-41.4122,175.5153,55.02,83,81,24.36,broken clouds
218,Geraldton,AU,-28.7667,114.6,54.01,94,40,11.5,scattered clouds
219,Sobolevo,RU,54.4299,31.8996,75.79,69,8,4.47,clear sky
220,Buala,SB,-8.145,159.5921,79.77,85,100,6.98,overcast clouds
221,San Fernando,PH,15.0286,120.6898,81.14,94,100,3.53,light rain
222,Walvis Bay,NA,-22.9575,14.5053,69.1,38,1,14.54,clear sky
223,Itaituba,BR,-4.2761,-55.9836,91.56,66,20,8.05,few clouds
224,Kavaratti,IN,10.5669,72.642,82.42,78,92,18.3,overcast clouds
225,Ostrovnoy,RU,68.0531,39.5131,57.09,79,80,4.21,broken clouds
226,Teya,RU,60.3778,92.6267,53.62,97,98,2.75,overcast clouds
227,Dikson,RU,73.5069,80.5464,34.16,91,96,11.41,overcast clouds
228,Mitsamiouli,KM,-11.3847,43.2844,77.16,69,31,11.34,scattered clouds
229,Sao Filipe,CV,14.8961,-24.4956,73.78,82,60,7.34,broken clouds
230,Bongandanga,CD,1.5,21.05,79.72,60,100,3.71,overcast clouds
231,Maswa,TZ,-2.6833,33.9833,70.7,37,60,6.44,broken clouds
232,Abu Samrah,SY,35.3029,37.1841,89.02,30,0,12.35,clear sky
233,Okhotsk,RU,59.3833,143.3,55.09,86,97,5.1,overcast clouds
234,Moengo,SR,5.6167,-54.4,89.44,53,31,4.85,scattered clouds
235,Bathsheba,BB,13.2167,-59.5167,84.81,79,40,18.41,scattered clouds
236,Copiapo,CL,-27.3667,-70.3333,55.09,8,100,4.61,overcast clouds
237,Sitka,US,57.0531,-135.33,63.25,74,98,1.57,overcast clouds
238,Savinka,RU,50.0785,47.0994,78.17,55,26,6.31,scattered clouds
239,Meadow Lake,US,34.8014,-106.5436,88.68,39,48,4.59,scattered clouds
240,Klyuchi,RU,52.2667,79.1667,66.02,56,65,8.48,broken clouds
241,Pingliang,CN,35.5392,106.6861,69.35,84,0,2.98,clear sky
242,Wamba,NG,8.9333,8.6,76.48,75,88,3.09,overcast clouds
243,Abbeville,FR,50.1,1.8333,77.27,75,0,11.21,clear sky
244,Kushmurun,KZ,52.4503,64.6311,63.43,90,27,7.7,scattered clouds
245,Makokou,GA,0.5738,12.8642,78.67,60,82,2.46,broken clouds
246,Kruisfontein,ZA,-34.0033,24.7314,48.88,78,0,5.75,clear sky
247,Talara,PE,-4.5772,-81.2719,77.76,65,0,23.02,clear sky
248,Cap Malheureux,MU,-19.9842,57.6142,72.09,82,31,3.0,light rain
249,Cascais,PT,38.6979,-9.4215,87.66,39,0,4.0,clear sky
250,Ilulissat,GL,69.2167,-51.1,46.44,61,98,1.5,overcast clouds
251,Tautira,PF,-17.7333,-149.15,75.22,71,61,21.3,broken clouds
252,Provideniya,RU,64.3833,-173.3,45.93,97,100,6.46,overcast clouds
253,Egvekinot,RU,66.3167,-179.1667,43.12,96,100,4.72,overcast clouds
254,Ramshir,IR,30.8946,49.4092,98.46,49,1,19.06,clear sky
255,San Francisco De Macoris,DO,19.2952,-70.2554,88.48,45,53,8.55,broken clouds
256,Port Lincoln,AU,-34.7333,135.8667,50.54,75,87,6.98,overcast clouds
257,Fallon,US,39.4735,-118.7774,86.45,9,56,2.84,broken clouds
258,Pacific Grove,US,36.6177,-121.9166,78.15,91,90,1.01,overcast clouds
259,Wewak,PG,-3.5534,143.6268,79.18,84,100,3.91,overcast clouds
260,Mehamn,NO,71.0357,27.8492,49.69,90,86,13.24,overcast clouds
261,Somotillo,NI,13.0433,-86.9064,91.54,33,10,7.07,clear sky
262,Mtwara,TZ,-10.2667,40.1833,74.53,73,75,13.8,broken clouds
263,La Ronge,CA,55.1001,-105.2842,52.05,71,90,11.5,smoke
264,Corning,US,42.1428,-77.0547,84.69,78,75,6.91,broken clouds
265,Mbale,UG,1.0821,34.175,68.65,74,100,4.99,overcast clouds
266,Yukhnov,RU,54.7444,35.2297,71.08,87,44,1.45,scattered clouds
267,Krasnoselkup,RU,65.7,82.4667,50.09,76,97,5.39,overcast clouds
268,Pontal Do Parana,BR,-25.6533,-48.5128,79.74,77,27,5.7,scattered clouds
269,Mildura,AU,-34.2,142.15,42.76,93,23,6.91,few clouds
270,Sorab,IN,14.3833,75.1,71.87,96,100,7.2,heavy intensity rain
271,Ketchikan,US,55.3422,-131.6461,60.96,77,99,0.76,overcast clouds
272,Chingola,ZM,-12.529,27.8838,63.23,44,87,2.84,overcast clouds
273,Trairi,BR,-3.2778,-39.2689,84.51,62,99,12.91,overcast clouds
274,Seoul,KR,37.5683,126.9778,78.4,83,40,3.44,scattered clouds
275,Abha,SA,18.2164,42.5053,73.22,46,40,9.22,scattered clouds
276,Ucluelet,CA,48.9329,-125.5528,66.04,93,100,2.64,overcast clouds
277,Byron Bay,AU,-28.65,153.6167,57.87,55,30,10.0,scattered clouds
278,Kharan,PK,28.5833,65.4167,95.68,37,60,6.78,broken clouds
279,Baft,IR,29.234,56.6057,70.77,60,90,1.19,overcast clouds
280,Colesberg,ZA,-30.72,25.0972,45.93,36,0,3.67,clear sky
281,Sur,OM,22.5667,59.5289,85.5,71,5,20.51,clear sky
282,Barrow,US,71.2906,-156.7887,48.22,92,90,16.11,light rain
283,Akdepe,TM,42.0551,59.3788,86.0,19,0,12.39,clear sky
284,Road Town,VG,18.4167,-64.6167,86.04,74,75,8.05,broken clouds
285,Mahebourg,MU,-20.4081,57.7,71.89,68,40,13.8,light rain
286,Matay,EG,28.419,30.7792,95.79,17,5,6.6,clear sky
287,Port Keats,AU,-14.25,129.55,73.38,39,74,10.02,broken clouds
288,Buraydah,SA,26.326,43.975,104.45,15,99,15.99,overcast clouds
289,Grand-Santi,GF,4.25,-54.3833,89.01,52,90,3.49,overcast clouds
290,Manzanillo,CU,20.3433,-77.1167,90.68,52,38,5.19,scattered clouds
291,Kalianget,ID,-7.05,113.9333,79.47,74,79,9.17,broken clouds
292,Aksu,CN,41.1231,80.2644,77.92,41,100,12.08,overcast clouds
293,Pangnirtung,CA,66.1451,-65.7125,55.4,76,90,6.91,overcast clouds
294,Bethel,US,41.3712,-73.414,93.02,70,80,3.74,broken clouds
295,North Bend,US,43.4065,-124.2243,70.92,73,2,9.06,clear sky
296,Hofn,IS,64.2539,-15.2082,55.45,74,33,8.81,scattered clouds
297,Mariakani,KE,-3.8633,39.4736,75.29,83,97,11.86,overcast clouds
298,San Policarpo,PH,12.1791,125.5072,79.16,88,99,5.84,overcast clouds
299,Mandurah,AU,-32.55,115.7,56.21,76,39,7.74,scattered clouds
300,Kudahuvadhoo,MV,2.6708,72.8944,83.16,73,60,10.13,broken clouds
301,Tiksi,RU,71.6872,128.8694,37.4,78,99,11.99,overcast clouds
302,Mokrousovo,RU,55.8103,66.7653,61.59,67,56,5.95,broken clouds
303,Bull Savanna,JM,17.8868,-77.5902,85.42,62,60,17.45,broken clouds
304,Tonj,SS,7.2737,28.6822,72.32,90,57,4.38,light rain
305,Diffa,NE,13.3154,12.6113,83.88,60,79,4.38,broken clouds
306,Farmington,US,36.7281,-108.2187,88.77,32,91,5.99,overcast clouds
307,Manggar,ID,-2.8833,108.2667,80.17,82,73,10.36,broken clouds
308,Rio Grande,BR,-32.035,-52.0986,62.71,66,7,16.64,clear sky
309,Casian,PH,11.035,119.7136,81.72,82,100,13.38,overcast clouds
310,Akyab,MM,20.15,92.9,81.41,81,100,2.68,overcast clouds
311,Hualmay,PE,-11.0964,-77.6139,68.41,70,32,9.84,scattered clouds
312,Souillac,MU,-20.5167,57.5167,71.98,68,40,13.8,light rain
313,Palana,RU,59.1167,159.9667,50.92,93,100,1.92,overcast clouds
314,Ahipara,NZ,-35.1667,173.1667,58.71,87,37,15.17,scattered clouds
315,Muzhi,RU,65.3667,64.6667,57.81,72,47,7.18,scattered clouds
316,Ukiah,US,39.1502,-123.2078,94.44,21,0,3.47,clear sky
317,Solok,ID,-0.7918,100.6593,70.75,86,20,1.9,few clouds
318,Zhigansk,RU,66.7697,123.3711,45.23,74,59,10.69,broken clouds
319,Agadez,NE,19.75,10.25,98.29,10,21,5.41,few clouds
320,Alice Springs,AU,-23.7,133.8833,42.35,65,0,4.61,clear sky
321,Yar-Sale,RU,66.8333,70.8333,44.65,72,15,7.47,few clouds
322,Tadine,NC,-21.55,167.8833,71.83,91,2,3.56,clear sky
323,Rio Branco,BR,-9.9747,-67.81,90.21,55,75,3.44,broken clouds
324,Jaru,BR,-10.4389,-62.4664,98.22,23,0,3.02,clear sky
325,Isla Mujeres,MX,21.2311,-86.731,84.16,81,99,7.18,overcast clouds
326,Kapuskasing,CA,49.4169,-82.4331,80.69,50,90,8.05,smoke
327,Zaysan,KZ,47.4667,84.8667,65.17,49,9,6.78,clear sky
328,Bodden Town,KY,19.2833,-81.25,88.99,68,40,7.0,scattered clouds
329,Ust-Nera,RU,64.5667,143.2,60.75,45,15,8.7,few clouds
330,Coihaique,CL,-45.5752,-72.0662,44.55,57,75,3.44,broken clouds
331,Gabriel Leyva Solano,MX,25.6667,-108.6417,95.02,44,34,9.4,scattered clouds
332,Jurm,AF,36.8648,70.8342,71.58,41,8,1.57,clear sky
333,Huixtla,MX,15.15,-92.4667,88.79,63,67,4.99,broken clouds
334,Mon,IN,26.75,95.1,72.25,98,89,2.15,overcast clouds
335,Ayan,RU,56.45,138.1667,63.1,60,60,17.25,broken clouds
336,Kharp,RU,66.8014,65.8081,52.7,80,58,2.35,broken clouds
337,Cabedelo,BR,-6.9811,-34.8339,77.67,77,39,13.76,scattered clouds
338,Kiunga,PG,-6.1219,141.2906,72.5,100,100,1.77,overcast clouds
339,Birin,NP,26.8865,88.0718,64.24,94,100,2.42,light rain
340,Barcelos,PT,41.5388,-8.6151,95.29,45,0,8.75,clear sky
341,Prainha,BR,-1.8,-53.48,87.3,55,13,4.52,few clouds
342,Peachland,CA,49.7665,-119.7357,77.14,35,11,2.08,few clouds
343,Husavik,IS,66.0449,-17.3389,62.51,65,22,2.62,few clouds
344,Areka,ET,7.0667,37.7,59.88,96,100,2.66,light rain
345,Sambava,MG,-14.2667,50.1667,70.9,82,19,12.12,light rain
346,Tocopilla,CL,-22.092,-70.1979,64.8,69,72,4.07,broken clouds
347,Gerash,IR,27.6652,54.1371,84.34,63,84,5.57,broken clouds
348,Marquette,US,46.5333,-87.6335,80.37,55,0,3.94,clear sky
349,Changji,CN,44.0167,87.3167,74.19,40,0,4.47,clear sky
350,Cacoal,BR,-11.4386,-61.4472,98.62,21,0,3.2,clear sky
351,Maceio,BR,-9.6658,-35.7353,80.04,73,75,4.61,broken clouds
352,Middletown,US,39.5151,-84.3983,82.26,77,75,9.22,broken clouds
353,Dingle,PH,10.9995,122.6711,76.98,90,99,6.96,overcast clouds
354,Lasa,IT,46.6166,10.7002,71.62,85,98,7.27,overcast clouds
355,Naze,JP,28.3667,129.4833,78.49,84,93,15.19,overcast clouds
356,Bantou,CN,26.2151,117.4893,74.21,92,99,1.86,overcast clouds
357,Kaka,TM,37.3482,59.6143,87.28,17,14,6.22,few clouds
358,Lakhdenpokhya,RU,61.5198,30.1992,67.8,53,0,3.83,clear sky
359,Beni Suef,EG,29.0731,31.0979,95.54,18,0,8.77,clear sky
360,Palmas,BR,-10.2128,-48.3603,93.07,38,40,10.36,scattered clouds
361,Ondo,NG,7.1,4.8333,73.15,90,84,3.0,broken clouds
362,Beba,CU,22.4437,-79.7253,87.51,58,2,12.66,clear sky
363,Touros,BR,-5.1989,-35.4608,79.7,67,11,16.22,few clouds
364,Chicama,PE,-7.8447,-79.1469,64.94,59,40,10.27,scattered clouds
365,Nouadhibou,MR,20.931,-17.0347,73.38,78,0,16.11,clear sky
366,Mayo,US,38.8876,-76.5119,97.3,71,0,10.0,clear sky
367,Chifeng,CN,42.2683,118.9636,70.14,87,85,5.41,overcast clouds
368,Puerto Madryn,AR,-42.7692,-65.0385,46.4,63,96,27.6,overcast clouds
369,Bilibino,RU,68.0546,166.4372,56.32,74,96,3.36,overcast clouds
370,Huarmey,PE,-10.0681,-78.1522,70.36,68,31,11.92,scattered clouds
371,Hamilton,US,39.1834,-84.5333,82.36,78,82,1.99,broken clouds
372,Port Hardy,CA,50.6996,-127.4199,60.98,72,75,6.91,broken clouds
373,Jilib,SO,0.4883,42.7854,75.13,76,7,11.83,clear sky
374,Ravar,IR,31.2656,56.8055,89.1,35,99,4.09,overcast clouds
375,Talakan,RU,50.3167,130.3667,60.84,88,15,1.61,few clouds
376,Alekseyevka,RU,50.6309,38.6903,74.03,67,73,5.21,broken clouds
377,Drayton Valley,CA,53.2168,-114.9854,55.9,92,98,4.47,overcast clouds
378,Vestmannaeyjar,IS,63.4427,-20.2734,50.99,93,75,20.71,mist
379,Boende,CD,-0.2167,20.8667,84.6,41,90,1.74,overcast clouds
380,Kununurra,AU,-15.7667,128.7333,62.58,72,17,3.44,few clouds
381,Careiro Da Varzea,BR,-3.2003,-59.8119,88.41,52,17,2.53,few clouds
382,Rio Gallegos,AR,-51.6226,-69.2181,39.25,81,0,4.61,clear sky
383,Kulykiv,UA,50.3142,24.8176,70.32,80,74,5.91,broken clouds
384,Bismarck,US,46.8083,-100.7837,88.88,56,1,4.0,clear sky
385,Kuching,MY,1.55,110.3333,77.22,94,20,0.0,few clouds
386,Vallenar,CL,-28.5708,-70.7581,81.88,4,91,2.75,overcast clouds
387,Purpe,RU,64.4803,76.6897,51.46,81,100,5.64,overcast clouds
388,Rapid City,US,44.0805,-103.231,89.73,42,0,3.0,clear sky
389,Kaitangata,NZ,-46.2817,169.8464,46.47,94,100,6.6,overcast clouds
390,Nanortalik,GL,60.1432,-45.2371,52.47,70,96,16.84,overcast clouds
391,Hay River,CA,60.8156,-115.7999,55.38,54,75,5.75,broken clouds
392,Wad Rawah,SD,15.1603,33.1397,91.89,39,94,10.63,overcast clouds
393,Blythe,US,33.6103,-114.5964,101.03,23,87,11.05,overcast clouds
394,Katsuura,JP,35.1333,140.3,78.12,93,5,3.91,clear sky
395,Kampong Cham,KH,11.9934,105.4635,77.54,90,98,5.82,overcast clouds
396,Peniche,PT,39.3558,-9.3811,81.88,86,1,10.2,clear sky
397,Abasolo,MX,20.45,-101.5167,77.4,46,99,3.8,overcast clouds
398,Wukari,NG,7.85,9.7833,77.79,79,95,6.24,overcast clouds
399,Pindi Gheb,PK,33.2402,72.2661,101.88,33,8,8.03,clear sky
400,Sorong,ID,-0.8833,131.25,78.57,86,99,11.97,overcast clouds
401,Blagodatnoye,RU,45.3997,42.5867,83.32,33,47,4.9,scattered clouds
402,Puerto Narino,CO,-3.7703,-70.3831,75.15,88,53,3.22,broken clouds
403,Mezhdurechensk,RU,53.6942,88.0603,54.16,97,85,3.42,overcast clouds
404,Tanda,IN,26.55,82.65,80.85,86,100,6.44,overcast clouds
405,Oistins,BB,13.0667,-59.5333,81.34,77,19,17.05,few clouds
406,Brindisi,IT,40.5833,17.6667,76.96,62,49,5.82,scattered clouds
407,Finnsnes,NO,69.2296,17.9811,56.01,76,97,11.68,overcast clouds
408,Aldan,RU,58.6031,125.3894,56.84,73,7,6.17,clear sky
409,Liverpool,GB,53.4106,-2.9779,84.15,51,4,10.36,clear sky
410,Tiznit,MA,29.5833,-9.5,97.3,18,12,5.17,few clouds
411,Ambovombe,MG,-25.1667,46.0833,66.99,76,0,10.71,clear sky
412,Mweka,CD,-4.85,21.5667,77.67,30,89,1.45,overcast clouds
413,Sola,VU,-13.8833,167.55,80.62,79,16,18.99,few clouds
414,San Cristobal,VE,7.7669,-72.225,79.97,56,59,7.45,light rain
415,Port-Cartier,CA,50.0334,-66.8654,70.93,56,74,6.29,broken clouds
416,Thunder Bay,CA,48.4001,-89.3168,80.58,52,40,0.0,smoke
417,Emborion,GR,40.4833,21.55,84.31,34,84,5.97,broken clouds
418,Panama City,PA,8.9936,-79.5197,87.75,71,40,3.44,thunderstorm
419,Viedma,AR,-40.8135,-62.9967,48.36,70,96,23.85,overcast clouds
420,Cockburn Town,TC,21.4612,-71.1419,81.84,77,100,19.26,overcast clouds
421,Moberly,US,39.4184,-92.4382,81.05,77,40,3.0,scattered clouds
422,Beloha,MG,-25.1667,45.05,67.71,71,0,11.41,clear sky
423,Quatre Cocos,MU,-20.2078,57.7625,67.08,76,40,18.21,light rain
424,Nizhniy Tsasuchey,RU,50.5167,115.1333,65.16,90,100,2.86,overcast clouds
425,Kristinehamn,SE,59.3098,14.1081,78.78,50,0,13.31,clear sky
426,Mlonggo,ID,-6.5333,110.7,78.53,76,99,4.9,overcast clouds
427,Rassvet,RU,46.8333,40.75,85.57,39,7,4.47,clear sky
428,Leningradskiy,RU,69.3833,178.4167,46.89,80,59,6.51,broken clouds
429,Athabasca,CA,54.7169,-113.2854,58.69,76,100,11.18,overcast clouds
430,Wajima,JP,37.4,136.9,76.78,80,44,4.29,scattered clouds
431,Jardim,BR,-21.4803,-56.1381,70.47,66,96,6.31,overcast clouds
432,Patu,BR,-6.11,-37.6367,91.11,35,73,7.83,broken clouds
433,Berlevag,NO,70.8578,29.0864,51.71,81,59,11.61,broken clouds
434,Asau,RO,46.4333,26.4,81.52,75,1,3.44,clear sky
435,Marathon,US,44.9,-89.7668,77.99,59,40,5.75,scattered clouds
436,Cosmopolis,BR,-22.6458,-47.1961,75.2,37,65,7.81,broken clouds
437,Broome,US,42.2506,-75.833,83.17,86,100,1.99,overcast clouds
438,Khuzdar,PK,27.7384,66.6434,86.04,51,50,8.05,scattered clouds
439,Namatanai,PG,-3.6667,152.4333,79.07,87,100,5.77,light rain
440,Zyryanovsk,KZ,49.7386,84.2719,56.16,80,46,2.48,scattered clouds
441,Itarema,BR,-2.9248,-39.9167,85.41,61,51,14.52,broken clouds
442,Portales,US,34.1862,-103.3344,88.11,36,56,9.64,broken clouds
443,Kahului,US,20.8947,-156.47,77.97,86,99,5.01,overcast clouds
444,Jizan,SA,17.3333,42.6667,93.88,30,100,7.38,overcast clouds
445,Verkhozim,RU,52.7122,45.418,74.1,61,16,4.83,few clouds
446,Wanaka,NZ,-44.7,169.15,40.5,93,94,2.17,overcast clouds
447,Timra,SE,62.487,17.3257,71.31,64,20,10.36,few clouds
448,Baculin,PH,7.4525,126.5842,78.98,81,94,5.21,overcast clouds
449,Impfondo,CG,1.6381,18.0667,80.2,57,95,2.84,overcast clouds
450,Elizabeth City,US,36.2946,-76.2511,95.02,68,14,7.0,few clouds
451,Chumikan,RU,54.7183,135.315,58.82,82,74,9.66,broken clouds
452,College,US,64.8569,-147.8028,70.2,72,7,7.49,clear sky
453,Meulaboh,ID,4.1363,96.1285,76.42,84,45,3.29,scattered clouds
454,Tuxpan,MX,19.55,-103.4,75.65,68,97,2.93,overcast clouds
455,Altay,CN,47.8667,88.1167,61.2,44,10,4.32,clear sky
456,Salalah,OM,17.0151,54.0924,77.45,93,87,6.62,overcast clouds
457,Narasannapeta,IN,18.4167,84.05,82.22,82,97,6.49,overcast clouds
458,Usogorsk,RU,63.4106,48.6872,60.73,63,53,5.03,broken clouds
459,Almaznyy,RU,48.0448,40.045,82.54,64,32,5.66,scattered clouds
460,Kitimat,CA,54.0524,-128.6534,60.91,90,100,1.99,light rain
461,Salvador,SV,13.8333,-88.9167,84.06,53,8,0.98,clear sky
462,Yelizovo,RU,53.1873,158.3805,53.35,98,100,2.48,overcast clouds
463,Korla,CN,41.7597,86.1469,83.59,24,46,14.83,scattered clouds
464,Bosaso,SO,11.2842,49.1816,91.15,39,28,22.32,scattered clouds
465,La Rioja,ES,42.25,-2.5,83.05,46,0,8.25,clear sky
466,Westport,US,41.1415,-73.3579,95.05,72,60,1.01,broken clouds
467,Nesoddtangen,NO,59.8655,10.6594,80.71,43,38,12.15,scattered clouds
468,Wangqing,CN,43.3218,129.7634,67.62,97,3,2.82,clear sky
469,Quepos,CR,9.4236,-84.1652,91.8,76,33,5.17,light rain
470,Waiuku,NZ,-37.25,174.75,61.25,86,19,13.04,few clouds
471,Tynda,RU,55.1667,124.7167,57.18,92,6,1.23,clear sky
472,Port Blair,IN,11.6667,92.75,80.69,81,97,9.89,overcast clouds
473,Saulkrasti,LV,57.2622,24.4147,73.35,72,8,7.09,clear sky
474,Jumla,NP,29.2747,82.1838,65.14,98,100,2.24,light rain
475,Pochutla,MX,15.7432,-96.4661,91.81,54,93,5.66,overcast clouds
476,Erzin,TR,36.9559,36.2,84.72,72,0,3.27,clear sky
477,Nishihara,JP,26.1842,127.7558,81.68,89,40,5.75,scattered clouds
478,Ipora,BR,-16.4419,-51.1178,91.15,16,0,6.22,clear sky
479,Oranjemund,NA,-28.55,16.4333,59.45,53,0,8.23,clear sky
480,Paamiut,GL,61.994,-49.6678,44.1,96,100,6.71,light rain
481,Char Bhadrasan,BD,23.3167,90.2167,82.45,89,100,6.42,overcast clouds
482,Rio Muerto,MX,27.4167,-110.2333,94.77,43,3,12.24,clear sky
483,Goderich,CA,43.7501,-81.7165,75.2,72,100,3.65,overcast clouds
484,Bluefield,US,37.2698,-81.2223,81.95,64,80,7.0,broken clouds
485,Beringovskiy,RU,63.05,179.3167,49.33,86,74,9.24,broken clouds
486,Sabang,ID,5.8933,95.3214,82.81,74,68,19.26,broken clouds
487,Eyl,SO,7.9803,49.8164,78.8,72,96,25.59,overcast clouds
488,Qasigiannguit,GL,68.8193,-51.1922,53.85,62,63,3.49,broken clouds
489,Sangar,RU,63.9242,127.4739,56.59,66,92,9.95,overcast clouds
490,Tchibanga,GA,-2.85,11.0333,73.78,74,63,6.58,broken clouds
491,Leshukonskoye,RU,64.8989,45.7622,62.56,61,44,1.07,scattered clouds
492,Bulungu,CD,-4.55,18.6,82.54,23,88,0.94,overcast clouds
493,Charters Towers,AU,-20.1,146.2667,56.44,30,35,9.28,scattered clouds
494,Tecoanapa,MX,16.5167,-98.75,85.89,58,59,8.25,broken clouds
495,Laguna,US,38.421,-121.4238,97.65,43,1,1.99,clear sky
496,Yashan,CN,22.1975,109.9419,78.46,89,99,2.98,overcast clouds
497,Belmonte,BR,-15.8631,-38.8828,77.5,55,2,7.31,clear sky
498,Miri,MY,4.4148,114.0089,77.79,84,95,3.29,overcast clouds
499,Norsup,VU,-16.0667,167.3833,78.67,85,16,9.04,few clouds
500,Panlaitan,PH,12.1191,119.8486,81.81,81,99,13.8,overcast clouds
501,Ritchie,ZA,-29.038,24.6028,50.59,32,0,5.55,clear sky
502,Batagay,RU,67.6333,134.6333,38.12,83,19,3.8,few clouds
503,Umm Kaddadah,SD,13.6017,26.6876,86.47,45,100,10.87,overcast clouds
504,Jalu,LY,29.0331,21.5482,91.54,31,11,21.12,few clouds
505,Plouzane,FR,48.3833,-4.6167,78.89,60,0,14.97,clear sky
506,Bereda,ES,43.2686,-7.5406,89.58,54,0,5.59,clear sky
507,Urucara,BR,-2.5364,-57.76,92.53,43,9,6.31,clear sky
508,Camacha,PT,33.0833,-16.3333,74.16,68,20,17.27,few clouds
509,Lisakovsk,KZ,52.5369,62.4936,64.42,82,36,6.38,scattered clouds
510,Alta Floresta,BR,-9.8756,-56.0861,98.91,20,5,4.34,clear sky
511,San Carlos De Bariloche,AR,-41.1456,-71.3082,38.07,68,25,3.22,scattered clouds
512,Surgut,RU,61.25,73.4167,55.58,100,0,4.47,clear sky
513,Kenai,US,60.5544,-151.2583,70.03,74,0,4.68,clear sky
514,Sioux Lookout,CA,50.1001,-91.917,84.27,42,90,8.05,smoke
515,Cap-Aux-Meules,CA,47.3821,-61.8597,62.37,86,100,12.5,overcast clouds
516,Codrington,AU,-38.2667,141.9667,49.8,79,79,15.43,broken clouds
517,Atar,MR,20.5169,-13.0499,105.08,15,21,10.2,few clouds
518,Chernogolovka,RU,56.0,38.3667,79.21,85,71,3.87,broken clouds
519,Sarmanovo,RU,55.2553,52.5891,74.08,59,12,3.85,few clouds
520,Mount Isa,AU,-20.7333,139.5,46.17,53,6,0.0,clear sky
521,Moose Factory,CA,51.2585,-80.6094,92.91,23,0,4.81,clear sky
522,Saint-Joseph,RE,-21.3667,55.6167,68.38,76,58,16.24,broken clouds
523,Evensk,RU,61.95,159.2333,56.08,80,100,0.78,overcast clouds
524,Warren,US,39.4334,-84.1666,81.66,75,90,3.0,overcast clouds
525,Bourg-En-Bresse,FR,46.1667,5.1667,76.3,72,13,10.51,few clouds
526,Prescott,US,34.54,-112.4685,80.38,58,78,1.01,broken clouds
527,Chichimila,MX,20.6167,-88.2167,93.27,47,82,4.47,broken clouds
528,George,ZA,-33.963,22.4617,54.45,64,1,2.01,clear sky
529,Norrtalje,SE,59.758,18.705,80.69,63,11,11.23,few clouds
530,Sechura,PE,-5.5569,-80.8222,76.68,58,95,10.49,overcast clouds
531,Alfred,US,42.2542,-77.7906,81.1,99,100,9.19,light rain
532,Kerema,PG,-7.9631,145.7785,76.71,89,87,2.86,overcast clouds
533,Fare,PF,-16.7,-151.0167,79.23,74,7,22.41,clear sky
534,Karlskrona,SE,56.1616,15.5866,75.65,78,0,9.31,clear sky
535,Vao,NC,-22.6667,167.4833,72.14,82,0,6.49,clear sky
536,Hue,VN,16.4667,107.6,84.31,74,20,1.14,few clouds
537,Vieux-Habitants,GP,16.0589,-61.7659,85.57,75,30,13.4,scattered clouds
538,Bose,IT,45.4612,8.0137,84.96,68,100,2.3,overcast clouds
539,Mackay,AU,-21.15,149.2,58.05,39,34,10.09,scattered clouds
540,Merrill,US,45.1805,-89.6835,79.11,55,40,0.0,scattered clouds
541,Calabozo,VE,8.9242,-67.4293,92.89,38,46,8.48,scattered clouds
542,Lebedinyy,RU,58.5167,125.5167,57.4,70,9,7.65,clear sky
543,Kyra,RU,49.5776,111.9753,60.58,92,100,3.47,light rain
544,Champerico,GT,14.3,-91.9167,93.76,73,42,6.71,scattered clouds
545,Grafton,US,42.207,-71.6856,88.2,67,91,2.21,overcast clouds
546,Ondjiva,AO,-17.0667,15.7333,68.74,30,26,5.73,scattered clouds
547,Puerto Cabezas,NI,14.0351,-83.3888,82.8,79,92,11.45,overcast clouds
548,Bandarbeyla,SO,9.4942,50.8122,79.05,70,92,28.79,overcast clouds
549,Polson,US,47.6936,-114.1632,82.72,39,1,2.15,clear sky
550,Iranshahr,IR,27.2025,60.6848,90.72,55,35,6.24,scattered clouds
551,Port Augusta,AU,-32.5,137.7667,42.71,61,97,5.61,overcast clouds
552,Mount Gambier,AU,-37.8333,140.7667,44.64,85,64,6.93,broken clouds
553,La Cruz,MX,23.9167,-106.9,95.47,55,96,1.99,overcast clouds
554,Belaya Gora,RU,68.5333,146.4167,37.92,70,99,19.77,overcast clouds
555,Fier,AL,40.7239,19.5561,75.94,66,1,7.23,clear sky
556,Ruidoso,US,33.3317,-105.673,83.26,45,1,6.91,clear sky
557,Mayumba,GA,-3.432,10.6554,71.92,89,53,6.38,broken clouds
558,Verkhnevilyuysk,RU,63.4453,120.3167,56.73,99,68,4.54,broken clouds
559,Mitzic,GA,0.7821,11.549,76.15,63,53,2.46,broken clouds
560,Valea Ciorii,RO,44.7167,27.5667,76.17,59,3,6.89,clear sky
561,Yingkou,CN,40.6648,122.2283,73.89,91,94,3.13,overcast clouds
562,Kiruna,SE,67.8557,20.2251,54.52,58,40,6.91,scattered clouds
563,Kindu,CD,-2.95,25.95,82.98,34,86,1.19,overcast clouds
564,Bowen,AU,-20.0167,148.2333,63.64,34,88,7.2,overcast clouds
565,Sabha,LY,27.0377,14.4283,103.1,11,0,13.76,clear sky
566,Alyangula,AU,-13.8483,136.4192,72.82,67,84,14.07,broken clouds
567,Biak,ID,-0.9131,122.8766,72.91,88,100,4.56,overcast clouds
568,Ocean City,US,39.2776,-74.5746,97.25,69,0,7.0,clear sky
569,Iberia,US,29.9502,-91.7507,91.09,70,20,5.75,light rain
570,Grootfontein,NA,-19.5667,18.1167,61.12,35,21,9.15,few clouds
571,Shiyan,CN,32.6475,110.7781,75.79,89,63,2.64,light rain
572,Monrovia,LR,6.3005,-10.7969,76.77,93,100,9.42,moderate rain
573,San Jeronimo,PE,-11.9472,-75.2829,63.41,28,3,3.71,clear sky
574,Pahrump,US,36.2083,-115.9839,100.44,15,3,5.99,clear sky
575,Mujiayingzi,CN,42.1167,118.7833,68.68,86,95,6.46,overcast clouds
576,Los Llanos De Aridane,ES,28.6585,-17.9182,71.35,73,20,16.11,few clouds
577,Igarka,RU,67.4667,86.5833,50.81,74,90,4.47,overcast clouds
578,Zhanakorgan,KZ,43.9098,67.2495,84.36,17,3,8.14,clear sky
579,Haines Junction,CA,60.7522,-137.5108,68.7,24,0,2.82,clear sky
580,Nakamura,JP,32.9833,132.9333,74.62,98,100,6.64,very heavy rain
581,Adrar,MR,20.5022,-10.0711,107.35,13,43,3.53,scattered clouds
582,Sena Madureira,BR,-9.0656,-68.6569,98.04,29,6,2.28,clear sky
583,Vila Velha,BR,-20.3297,-40.2925,77.4,70,3,17.96,clear sky
584,Cairns,AU,-16.9167,145.7667,75.15,67,90,6.91,overcast clouds
585,Emerald,AU,-23.5333,148.1667,49.98,44,5,7.76,clear sky
586,Besuki,ID,-7.7338,113.6979,77.32,76,62,3.4,broken clouds
587,Beyneu,KZ,45.3167,55.2,92.07,15,8,8.46,clear sky
588,Arman,RU,59.7,150.1667,56.64,94,100,6.64,light rain
589,Smoky Lake,CA,54.1169,-112.4686,63.95,58,86,12.68,overcast clouds
590,Keti Bandar,PK,24.1447,67.4497,84.69,86,74,19.66,broken clouds
591,Pozo Colorado,PY,-23.4923,-58.7972,77.65,31,35,9.62,scattered clouds
592,Udachnyy,RU,66.4167,112.4,55.47,72,73,4.45,broken clouds
593,Amreli,IN,21.6167,71.2333,83.21,81,98,14.34,overcast clouds
594,Thinadhoo,MV,0.5333,72.9333,83.86,71,45,8.68,scattered clouds
595,Balakhta,RU,55.38,91.6,52.32,90,20,5.03,few clouds
596,Salinopolis,BR,-0.6136,-47.3561,83.91,70,57,11.86,broken clouds
597,Nara,JP,34.6851,135.8049,77.92,94,31,4.72,scattered clouds
598,Fairbanks,US,64.8378,-147.7164,70.21,73,7,1.01,clear sky
599,Maralal,KE,1.0968,36.698,61.32,81,91,1.3,moderate rain
600,Warrnambool,AU,-38.3833,142.4833,49.8,73,91,15.75,overcast clouds
601,Superior,US,46.7208,-92.1041,88.7,45,1,3.44,clear sky
602,Bandiagara,ML,14.3501,-3.6104,93.92,38,86,9.19,overcast clouds
603,Bonfim,BR,3.0833,-59.95,85.6,64,34,3.15,scattered clouds
604,Sao Jose Da Coroa Grande,BR,-8.8978,-35.1478,78.78,74,74,9.46,broken clouds
605,Honiara,SB,-9.4333,159.95,76.77,80,43,4.99,scattered clouds
606,Nicoya,CR,10.1483,-85.452,86.92,62,80,4.07,broken clouds
607,Paredon,MX,16.0333,-93.8667,89.22,60,88,6.38,overcast clouds
608,Nemuro,JP,43.3236,145.575,59.4,94,100,0.87,overcast clouds
609,Carnot,CF,4.9409,15.8665,72.75,92,96,2.01,light rain
610,Radcliff,US,37.8404,-85.9491,83.23,70,40,1.01,scattered clouds
611,Khartoum,SD,15.5518,32.5324,95.14,34,95,14.65,overcast clouds
612,Ferkessedougou,CI,9.6,-5.2,72.88,92,100,3.22,overcast clouds
613,Havelock,US,34.8791,-76.9013,91.02,77,14,8.99,few clouds
614,Campos Altos,BR,-19.6961,-46.1714,82.26,20,1,7.34,clear sky
615,Vestmanna,FO,62.1564,-7.1664,50.92,93,75,12.66,broken clouds
616,Weihai,CN,37.5017,122.1136,73.0,92,25,4.12,scattered clouds
617,Barabai,ID,-2.5833,115.3833,72.66,97,99,1.59,overcast clouds
618,Bahia Honda,CU,22.9036,-83.1592,88.54,56,4,11.81,clear sky
619,Hambantota,LK,6.1241,81.1185,79.43,80,95,14.16,overcast clouds
620,Quelimane,MZ,-17.8786,36.8883,63.86,92,98,7.31,overcast clouds
621,Seymchan,RU,62.8833,152.4333,56.25,92,100,4.83,overcast clouds
622,Wanning,CN,18.8003,110.3967,80.4,84,98,4.38,overcast clouds
623,Yumen,CN,40.2833,97.2,83.91,19,4,8.57,clear sky
624,Bantogon,PH,6.5333,124.0333,79.81,80,100,4.09,light rain
625,Wazirabad,PK,32.4458,74.1159,97.84,41,10,6.78,clear sky
626,Sao Joao Da Barra,BR,-21.6403,-41.0511,74.55,76,2,12.33,clear sky
627,Lagoa,PT,39.05,-27.9833,68.0,76,34,15.14,scattered clouds
628,Dzhebariki-Khaya,RU,62.2167,135.8,55.54,68,67,5.91,broken clouds
629,Pathein,MM,16.7833,94.7333,77.95,92,96,5.88,overcast clouds
630,Yantzaza,EC,-3.8278,-78.7594,69.04,98,98,2.15,light rain
631,Koslan,RU,63.4564,48.8989,60.62,64,57,4.94,broken clouds
632,Mattru,SL,7.6244,-11.8332,74.97,94,98,5.53,light rain
633,Sistranda,NO,63.7256,8.834,55.9,83,100,28.25,overcast clouds
634,Lata,PT,40.1629,-8.3327,78.35,40,0,8.52,clear sky
635,Haapiti,PF,-17.5667,-149.8667,74.93,70,11,20.87,light rain
636,Kyren,RU,51.6828,102.1408,63.05,96,81,5.99,broken clouds
637,Grand Gaube,MU,-20.0064,57.6608,67.37,82,34,3.0,light rain
638,Bata,GQ,1.8639,9.7658,77.0,76,23,6.55,few clouds
639,Natchitoches,US,31.7668,-93.1335,91.2,70,40,3.44,scattered clouds
640,Norfolk,US,42.1668,-71.2495,89.35,73,82,1.01,broken clouds
641,Adelaide,AU,-34.9333,138.6,51.28,84,0,8.05,clear sky
642,Bogotol,RU,56.2078,89.5342,52.74,95,35,7.72,scattered clouds
643,Ginir,ET,7.1333,40.7,57.81,79,100,2.39,overcast clouds
644,Belyy Yar,RU,53.6039,91.3903,57.09,77,0,0.0,clear sky
645,Riviere-Au-Renard,CA,48.9957,-64.3971,66.99,65,35,13.27,scattered clouds
646,Mende,FR,44.6667,3.5,61.93,69,12,12.55,few clouds
647,Shimoda,JP,34.6667,138.95,73.11,85,3,1.7,clear sky
648,Pangkalanbuun,ID,-2.6833,111.6167,73.56,96,85,2.53,overcast clouds
649,Bafq,IR,31.6128,55.4107,87.12,43,96,6.62,overcast clouds
650,Najran,SA,17.4924,44.1277,86.65,29,100,7.09,overcast clouds
651,Gazli,UZ,40.1333,63.45,91.08,15,12,10.16,few clouds
652,Puerto Leguizamo,CO,-0.1934,-74.7819,83.01,76,60,1.3,broken clouds
653,Fairfield,US,41.2668,-73.3162,92.05,72,68,1.99,broken clouds
654,Nelson Bay,AU,-32.7167,152.15,55.09,67,89,1.99,overcast clouds
655,Kamen-Na-Obi,RU,53.7884,81.3423,58.32,86,37,6.46,scattered clouds
656,Malanje,AO,-9.5402,16.341,74.05,24,28,3.62,scattered clouds
657,Nantucket,US,41.2835,-70.0995,88.14,96,17,7.94,few clouds
658,Baijiantan,CN,45.6333,85.1833,82.44,20,87,9.89,overcast clouds
659,Tamandare,BR,-8.7597,-35.1047,78.84,74,77,9.22,broken clouds
660,Ballinasloe,IE,53.3275,-8.2194,76.89,69,54,6.31,broken clouds
661,Villarrica,PY,-25.75,-56.4333,69.51,44,1,8.03,clear sky
662,Izumo,JP,35.3667,132.7667,74.43,88,95,5.26,overcast clouds
663,Marsh Harbour,BS,26.5412,-77.0636,82.92,69,5,12.62,clear sky
664,Ixtapa,MX,20.7,-105.2,89.22,67,89,1.99,overcast clouds
665,Silvan,TR,38.1419,41.0081,82.69,18,5,3.91,clear sky
666,Hovd,MN,48.0056,91.6419,64.53,42,63,5.23,broken clouds
667,Qui Nhon,VN,13.7667,109.2333,78.15,89,79,4.56,broken clouds
668,Shelburne,CA,44.0787,-80.2041,70.23,55,100,5.64,overcast clouds
669,Caravelas,BR,-17.7125,-39.2481,77.9,57,0,8.55,clear sky
670,Trinidad,BO,-14.8333,-64.9,91.74,36,2,2.84,clear sky
671,Correntina,BR,-13.3433,-44.6367,90.45,17,61,4.29,broken clouds
672,Hervey Bay,AU,-25.2986,152.8535,56.01,59,3,1.01,clear sky
673,Domoni,KM,-12.2569,44.5319,75.6,71,60,11.05,broken clouds
674,Gravdal,NO,68.1214,13.5031,53.49,87,75,11.5,broken clouds
675,Poum,NC,-20.2333,164.0167,73.87,77,6,5.84,clear sky
676,Xichang,CN,27.8964,102.2634,64.42,93,74,1.99,broken clouds
677,Boa Vista,BR,2.8197,-60.6733,85.98,66,75,10.36,broken clouds
678,Ust-Kulom,RU,61.6864,53.6902,60.73,96,50,5.21,scattered clouds
679,Bela,IN,25.9333,81.9833,85.39,71,100,10.49,overcast clouds
680,Kinshasa,CD,-4.3246,15.3215,79.18,69,40,4.61,haze
681,Shahr-E Kord,IR,32.3256,50.8644,74.53,46,34,8.68,scattered clouds
682,Kapoeta,SS,4.7717,33.5903,75.9,71,100,2.13,overcast clouds
683,Shitanjing,CN,39.2342,106.3439,79.68,41,4,7.2,clear sky
684,Harper,LR,4.375,-7.7169,76.57,81,99,11.54,overcast clouds
685,Mangrol,IN,21.1167,70.1167,83.57,83,93,16.44,overcast clouds
686,Iskateley,RU,67.6803,53.1512,55.04,87,100,7.38,overcast clouds
687,Santa Cruz,BO,-17.8,-63.1667,65.66,94,90,10.36,light intensity drizzle
688,Shimsk,RU,58.212,30.7127,71.49,63,2,3.18,clear sky
689,Envira,BR,-7.3,-70.2167,82.94,63,98,2.77,overcast clouds
690,Tabou,CI,4.423,-7.3528,77.0,80,96,10.16,overcast clouds
